{
  "cost": 1000,
  "co2": 1000,
  "constraints": false,
  "rootService": "mySupplyChain",
  "services": {
    "sup1": {
      "type": "supplier",
      "on": 1,
      "cost": 1000,
      "co2": 1000,
      "constraints": true,
      "boundConstraints": true,
      "activeServiceConstraint": true,
      "inFlow": {},
      "outFlow": "TBD"
    },
    "sup2": {
      "type": "supplier",
      "on": 1,
      "cost": 1000,
      "co2": 1000,
      "constraints": true,
      "boundConstraints": true,
      "activeServiceConstraint": true,
      "inFlow": {},
      "outFlow": "TBD"
    },
    "combinedSupply": {
      "type": "composite",
      "on": 1,
      "cost": 1000,
      "co2": 1000,
      "constraints": false,
      "internalSupplySatisfiesDemand": true,
      "subServiceConstraints": true,
      "activeServiceConstraint": false,
      "inFlow": {},
      "outFlow": {
        "mat1_sup1": {
          "qty": 1000,
          "item": "mat1"
        },
        "mat2_sup1": {
          "qty": 1000,
          "item": "mat2"
        },
        "mat1_sup2": {
          "qty": 1000,
          "item": "mat1"
        },
        "mat2_sup2": {
          "qty": 1000,
          "item": "mat2"
        }
      },
      "subServices": [
        "sup1",
        "sup2"
      ]
    },
    "transp1": {
      "type": "transport",
      "on": 1,
      "cost": 1000,
      "co2": 1000,
      "constraints": true,
      "boundConstraints": true,
      "activeServiceConstraint": true,
      "inFlow": "TBD",
      "outFlow": "TBD"
    },
    "transp2": {
      "type": "transport",
      "on": 1,
      "cost": 1000,
      "co2": 1000,
      "constraints": true,
      "boundConstraints": true,
      "activeServiceConstraint": true,
      "inFlow": "TBD",
      "outFlow": "TBD"
    },
    "combinedTransport": {
      "type": "composite",
      "on": 1,
      "cost": 1000,
      "co2": 1000,
      "constraints": false,
      "internalSupplySatisfiesDemand": true,
      "subServiceConstraints": true,
      "activeServiceConstraint": false,
      "inFlow": {
        "mat1_sup1": {
          "qty": 1000,
          "item": "mat1"
        },
        "mat2_sup1": {
          "qty": 1000,
          "item": "mat2"
        },
        "mat1_sup2": {
          "qty": 1000,
          "item": "mat1"
        },
        "mat2_sup2": {
          "qty": 1000,
          "item": "mat2"
        }
      },
      "outFlow": {
        "mat1_manuf1": {
          "qty": 1000,
          "item": "mat1"
        },
        "mat2_manuf1": {
          "qty": 1000,
          "item": "mat2"
        }
      },
      "subServices": [
        "transp1",
        "transp2"
      ]
    },
    "tier1manuf": {
      "type": "manufacturer",
      "on": 1,
      "cost": 1000,
      "co2": 1000,
      "constraints": true,
      "boundConstraints": true,
      "activeServiceConstraint": true,
      "inFlow": "TBD",
      "outFlow": "TBD"
    },
    "tier2manuf": {
      "type": "manufacturer",
      "on": 1,
      "cost": 1000,
      "co2": 1000,
      "constraints": true,
      "boundConstraints": true,
      "activeServiceConstraint": true,
      "inFlow": "TBD",
      "outFlow": "TBD"
    },
    "combinedManuf": {
      "type": "composite",
      "on": 1,
      "cost": 1000,
      "co2": 1000,
      "constraints": false,
      "internalSupplySatisfiesDemand": true,
      "subServiceConstraints": true,
      "activeServiceConstraint": false,
      "inFlow": {
        "mat1_manuf1": {
          "qty": 1000,
          "item": "mat1"
        },
        "mat2_manuf1": {
          "qty": 1000,
          "item": "mat2"
        }
      },
      "outFlow": {
        "prod1_manuf2": {
          "qty": 1000,
          "item": "prod1"
        },
        "prod2_manuf2": {
          "qty": 1000,
          "item": "prod2"
        }
      },
      "subServices": [
        "tier1manuf",
        "tier2manuf"
      ]
    },
    "mySupplyChain": {
      "type": "composite",
      "on": 1,
      "cost": 1000,
      "co2": 1000,
      "constraints": false,
      "internalSupplySatisfiesDemand": true,
      "subServiceConstraints": false,
      "activeServiceConstraint": false,
      "inFlow": {},
      "outFlow": {
        "prod1_manuf2": {
          "qty": 1000,
          "item": "prod1"
        },
        "prod2_manuf2": {
          "qty": 1000,
          "item": "prod2"
        }
      },
      "subServices": [
        "combinedSupply",
        "combinedTransport",
        "combinedManuf"
      ]
    }
  }
}
