{"cost": 31300.0, "co2": 4180.0, "constraints": true, "rootService": "mySupplyChain", "services": {"sup1": {"type": "supplier", "on": 1, "cost": 16000, "co2": 1450.0, "constraints": true, "boundConstraints": true, "activeServiceConstraint": true, "inFlow": {}, "outFlow": {"mat1_sup1": {"qty": 2000, "item": "mat1"}, "mat2_sup1": {"qty": 1500, "item": "mat2"}}}, "sup2": {"type": "supplier", "on": 1, "cost": 4900, "co2": 959.9999999999999, "constraints": true, "boundConstraints": true, "activeServiceConstraint": true, "inFlow": {}, "outFlow": {"mat1_sup2": {"qty": 500, "item": "mat1"}, "mat2_sup2": {"qty": 1300, "item": "mat2"}}}, "combinedSupply": {"type": "composite", "on": 1, "cost": 20900, "co2": 2410.0, "constraints": true, "internalSupplySatisfiesDemand": true, "subServiceConstraints": true, "activeServiceConstraint": true, "inFlow": {}, "outFlow": {"mat1_sup1": {"qty": 2000, "item": "mat1"}, "mat2_sup1": {"qty": 1500, "item": "mat2"}, "mat1_sup2": {"qty": 500, "item": "mat1"}, "mat2_sup2": {"qty": 1300, "item": "mat2"}}, "subServices": ["sup1", "sup2"]}, "transp1": {"type": "transport", "on": 1, "cost": 5000.0, "co2": 520.0, "constraints": true, "boundConstraints": true, "activeServiceConstraint": true, "inFlow": {"mat1_sup1": {"qty": 600, "item": "mat1"}, "mat2_sup1": {"qty": 700, "item": "mat1"}, "mat1_sup2": {"qty": 400, "item": "mat1"}, "mat2_sup2": {"qty": 600, "item": "mat1"}}, "outFlow": {"mat1_manuf1": {"qty": 1000, "item": "mat1"}, "mat2_manuf1": {"qty": 1300, "item": "mat1"}}}, "transp2": {"type": "transport", "on": 1, "cost": 2400.0, "co2": 720.0, "constraints": true, "boundConstraints": true, "activeServiceConstraint": true, "inFlow": {"mat1_sup1": {"qty": 0, "item": "mat1"}, "mat2_sup1": {"qty": 0, "item": "mat1"}, "mat1_sup2": {"qty": 0, "item": "mat1"}, "mat2_sup2": {"qty": 600, "item": "mat1"}}, "outFlow": {"mat1_manuf1": {"qty": 0, "item": "mat1"}, "mat2_manuf1": {"qty": 600, "item": "mat1"}}}, "combinedTransport": {"type": "composite", "on": 1, "cost": 7400.0, "co2": 1240.0, "constraints": true, "internalSupplySatisfiesDemand": true, "subServiceConstraints": true, "activeServiceConstraint": true, "inFlow": {"mat1_sup1": {"qty": 600, "item": "mat1"}, "mat2_sup1": {"qty": 700, "item": "mat2"}, "mat1_sup2": {"qty": 400, "item": "mat1"}, "mat2_sup2": {"qty": 1200, "item": "mat2"}}, "outFlow": {"mat1_manuf1": {"qty": 1000, "item": "mat1"}, "mat2_manuf1": {"qty": 1900, "item": "mat2"}}, "subServices": ["transp1", "transp2"]}, "tier1manuf": {"type": "manufacturer", "on": 1, "cost": 1300, "co2": 290.0, "constraints": true, "boundConstraints": true, "activeServiceConstraint": true, "inFlow": {"mat1_manuf1": {"qty": 600, "item": "mat1"}, "mat2_manuf1": {"qty": 1800, "item": "mat2"}}, "outFlow": {"part1_manuf12": {"qty": 300, "item": "part1"}, "part2_manuf12": {"qty": 500, "item": "part2"}}}, "tier2manuf": {"type": "manufacturer", "on": 1, "cost": 1700, "co2": 240.0, "constraints": true, "boundConstraints": true, "activeServiceConstraint": true, "inFlow": {"part1_manuf12": {"qty": 300, "item": "part1"}, "part2_manuf12": {"qty": 500, "item": "part2"}}, "outFlow": {"prod1_manuf2": {"qty": 100, "item": "prod1"}, "prod2_manuf2": {"qty": 200, "item": "prod2"}}}, "combinedManuf": {"type": "composite", "on": 1, "cost": 3000, "co2": 530.0, "constraints": true, "internalSupplySatisfiesDemand": true, "subServiceConstraints": true, "activeServiceConstraint": true, "inFlow": {"mat1_manuf1": {"qty": 600, "item": "mat1"}, "mat2_manuf1": {"qty": 1800, "item": "mat2"}}, "outFlow": {"prod1_manuf2": {"qty": 100, "item": "prod1"}, "prod2_manuf2": {"qty": 200, "item": "prod2"}}, "subServices": ["tier1manuf", "tier2manuf"]}, "mySupplyChain": {"type": "composite", "on": 1, "cost": 31300.0, "co2": 4180.0, "constraints": true, "internalSupplySatisfiesDemand": true, "subServiceConstraints": true, "activeServiceConstraint": true, "inFlow": {}, "outFlow": {"prod1_manuf2": {"qty": 100, "item": "prod1"}, "prod2_manuf2": {"qty": 200, "item": "prod2"}}, "subServices": ["combinedSupply", "combinedTransport", "combinedManuf"]}}}