{"optAnswer": {"status": {"solver_status": "ok", "termination_condition": "optimal"}, "solution": {"shared": {"busEntities": {"sup1": {"loc": "Fairfax"}, "sup2": {"loc": "LA"}, "transp1": {"loc": "Seattle"}, "transp2": {"loc": "Baltimore"}, "manuf1": {"loc": "NYC"}, "manuf2": {"loc": "NYC"}}, "items": {"mat1": {"weight": 1}, "mat2": {"weight": 2}, "part1": {"weight": 7}, "part2": {"weight": 6}, "prod1": {"weight": 8}, "prod2": {"weight": 9}}}, "rootService": "mySupplyChain", "services": {"mySupplyChain": {"type": "composite", "on": 1.0, "inFlow": {}, "outFlow": {"prod1_manuf2": {"lb": 100, "item": "prod1"}, "prod2_manuf2": {"lb": 200, "item": "prod2"}}, "subServices": ["combinedSupply", "combinedTransport", "combinedManuf"], "maxActiveSubServices": 5}, "combinedSupply": {"type": "composite", "on": 1.0, "inFlow": {}, "outFlow": {"mat1_sup1": {"lb": 0, "item": "mat1"}, "mat2_sup1": {"lb": 0, "item": "mat2"}, "mat1_sup2": {"lb": 0, "item": "mat1"}, "mat2_sup2": {"lb": 0, "item": "mat2"}}, "subServices": ["sup1", "sup2"], "maxActiveSubServices": 5}, "combinedTransport": {"type": "composite", "on": 1.0, "inFlow": {"mat1_sup1": {"lb": 0, "item": "mat1"}, "mat2_sup1": {"lb": 0, "item": "mat2"}, "mat1_sup2": {"lb": 0, "item": "mat1"}, "mat2_sup2": {"lb": 0, "item": "mat2"}}, "outFlow": {"mat1_manuf1": {"lb": 0, "item": "mat1"}, "mat2_manuf1": {"lb": 0, "item": "mat2"}}, "subServices": ["transp1", "transp2"], "maxActiveSubServices": 5}, "combinedManuf": {"type": "composite", "on": 1.0, "inFlow": {"mat1_manuf1": {"lb": 0, "item": "mat1"}, "mat2_manuf1": {"lb": 0, "item": "mat2"}}, "outFlow": {"prod1_manuf2": {"lb": 0, "item": "prod1"}, "prod2_manuf2": {"lb": 0, "item": "prod2"}}, "subServices": ["tier1manuf", "tier2manuf"], "maxActiveSubServices": 5}, "sup1": {"type": "supplier", "on": 1.0, "inFlow": {}, "outFlow": {"mat1_sup1": {"qty": 0.0, "lb": 0, "ub": 5000, "ppu": 5, "co2pu": 0.5, "item": "mat1"}, "mat2_sup1": {"qty": 1800.0, "lb": 0, "ub": 5000, "ppu": 4, "co2pu": 0.3, "item": "mat2"}}}, "sup2": {"type": "supplier", "on": 1.0, "inFlow": {}, "outFlow": {"mat1_sup2": {"qty": 600.0, "lb": 0, "ub": 5000, "ppu": 2, "co2pu": 0.1, "item": "mat1"}, "mat2_sup2": {"qty": 0.0, "lb": 0, "ub": 5000, "ppu": 3, "co2pu": 0.7, "item": "mat2"}}}, "transp1": {"type": "transport", "on": 0.0, "inFlow": {"mat1_sup1": {"lb": 0, "item": "mat1"}, "mat2_sup1": {"lb": 0, "item": "mat2"}, "mat1_sup2": {"lb": 0, "item": "mat1"}, "mat2_sup2": {"lb": 0, "item": "mat2"}}, "outFlow": {"mat1_manuf1": {"lb": 0, "item": "mat1"}, "mat2_manuf1": {"lb": 0, "item": "mat2"}}, "pplbFromTo": {"Fairfax": {"NYC": 0.5}, "LA": {"NYC": 2.5}}, "co2perlbFromTo": {"Fairfax": {"NYC": 0.1}, "LA": {"NYC": 0.2}}, "orders": [{"in": "mat1_sup1", "out": "mat1_manuf1", "sender": "sup1", "recipient": "manuf1", "qty": 0.0}, {"in": "mat2_sup1", "out": "mat2_manuf1", "sender": "sup1", "recipient": "manuf1", "qty": 0.0}, {"in": "mat1_sup2", "out": "mat1_manuf1", "sender": "sup2", "recipient": "manuf1", "qty": 0.0}, {"in": "mat2_sup2", "out": "mat2_manuf1", "sender": "sup2", "recipient": "manuf1", "qty": 0.0}]}, "transp2": {"type": "transport", "on": 1.0, "inFlow": {"mat1_sup1": {"lb": 0, "item": "mat1"}, "mat2_sup1": {"lb": 0, "item": "mat2"}, "mat1_sup2": {"lb": 0, "item": "mat1"}, "mat2_sup2": {"lb": 0, "item": "mat2"}}, "outFlow": {"mat1_manuf1": {"lb": 0, "item": "mat1"}, "mat2_manuf1": {"lb": 0, "item": "mat2"}}, "pplbFromTo": {"Fairfax": {"NYC": 0.1}, "LA": {"NYC": 2}}, "co2perlbFromTo": {"Fairfax": {"NYC": 0.5}, "LA": {"NYC": 0.6}}, "orders": [{"in": "mat1_sup1", "out": "mat1_manuf1", "sender": "sup1", "recipient": "manuf1", "qty": 0.0}, {"in": "mat2_sup1", "out": "mat2_manuf1", "sender": "sup1", "recipient": "manuf1", "qty": 1800.0}, {"in": "mat1_sup2", "out": "mat1_manuf1", "sender": "sup2", "recipient": "manuf1", "qty": 600.0}, {"in": "mat2_sup2", "out": "mat2_manuf1", "sender": "sup2", "recipient": "manuf1", "qty": 0.0}]}, "tier1manuf": {"type": "manufacturer", "on": 1.0, "inFlow": {"mat1_manuf1": {"lb": 0, "item": "mat1"}, "mat2_manuf1": {"lb": 0, "item": "mat2"}}, "outFlow": {"part1_manuf12": {"qty": 300.0, "lb": 0, "ub": 5000, "ppu": 1, "co2pu": 0.3, "item": "part1"}, "part2_manuf12": {"qty": 500.0, "lb": 0, "ub": 5000, "ppu": 2, "co2pu": 0.4, "item": "part2"}}, "qtyInPer1out": {"part1_manuf12": {"mat1_manuf1": 2, "mat2_manuf1": 1}, "part2_manuf12": {"mat2_manuf1": 3}}}, "tier2manuf": {"type": "manufacturer", "on": 1.0, "inFlow": {"part1_manuf12": {"lb": 0, "item": "part1"}, "part2_manuf12": {"lb": 0, "item": "part2"}}, "outFlow": {"prod1_manuf2": {"qty": 100.0, "lb": 0, "ppu": 5, "co2pu": 1.2, "item": "prod1"}, "prod2_manuf2": {"qty": 200.0, "lb": 0, "ppu": 6, "co2pu": 0.6, "item": "prod2"}}, "qtyInPer1out": {"prod1_manuf2": {"part1_manuf12": 3, "part2_manuf12": 1}, "prod2_manuf2": {"part2_manuf12": 2}}}}}, "report": {"Problem": [{"Lower bound": "12960.0", "Name": "unknown", "Number of constraints": 159, "Number of nonzeros": 298, "Number of objectives": 1, "Number of variables": 27, "Sense": "minimize", "Upper bound": "12960.0"}], "Solution": [{"number of solutions": 0, "number of solutions displayed": 0}], "Solver": [{"Error rc": 0, "Statistics": {"Branch and bound": {"Number of bounded subproblems": "5", "Number of created subproblems": "5"}}, "Status": "ok", "Termination condition": "optimal", "Time": 0.021492958068847656}]}}, "optOutput": {"cost": 12960.0, "co2": 3290.0, "constraints": true, "rootService": "mySupplyChain", "services": {"sup1": {"type": "supplier", "on": 1.0, "cost": 7200.0, "co2": 540.0, "constraints": true, "boundConstraints": true, "activeServiceConstraint": true, "inFlow": {}, "outFlow": {"mat1_sup1": {"qty": 0.0, "item": "mat1"}, "mat2_sup1": {"qty": 1800.0, "item": "mat2"}}}, "sup2": {"type": "supplier", "on": 1.0, "cost": 1200.0, "co2": 60.0, "constraints": true, "boundConstraints": true, "activeServiceConstraint": true, "inFlow": {}, "outFlow": {"mat1_sup2": {"qty": 600.0, "item": "mat1"}, "mat2_sup2": {"qty": 0.0, "item": "mat2"}}}, "combinedSupply": {"type": "composite", "on": 1.0, "cost": 8400.0, "co2": 600.0, "constraints": true, "internalSupplySatisfiesDemand": true, "subServiceConstraints": true, "activeServiceConstraint": true, "inFlow": {}, "outFlow": {"mat1_sup1": {"qty": 0.0, "item": "mat1"}, "mat2_sup1": {"qty": 1800.0, "item": "mat2"}, "mat1_sup2": {"qty": 600.0, "item": "mat1"}, "mat2_sup2": {"qty": 0.0, "item": "mat2"}}, "subServices": ["sup1", "sup2"]}, "transp1": {"type": "transport", "on": 0.0, "cost": 0.0, "co2": 0.0, "constraints": true, "boundConstraints": true, "activeServiceConstraint": true, "inFlow": {"mat1_sup1": {"qty": 0.0, "item": "mat1"}, "mat2_sup1": {"qty": 0.0, "item": "mat2"}, "mat1_sup2": {"qty": 0.0, "item": "mat1"}, "mat2_sup2": {"qty": 0.0, "item": "mat2"}}, "outFlow": {"mat1_manuf1": {"qty": 0.0, "item": "mat1"}, "mat2_manuf1": {"qty": 0.0, "item": "mat2"}}}, "transp2": {"type": "transport", "on": 1.0, "cost": 1560.0, "co2": 2160.0, "constraints": true, "boundConstraints": true, "activeServiceConstraint": true, "inFlow": {"mat1_sup1": {"qty": 0.0, "item": "mat1"}, "mat2_sup1": {"qty": 1800.0, "item": "mat2"}, "mat1_sup2": {"qty": 600.0, "item": "mat1"}, "mat2_sup2": {"qty": 0.0, "item": "mat2"}}, "outFlow": {"mat1_manuf1": {"qty": 600.0, "item": "mat1"}, "mat2_manuf1": {"qty": 1800.0, "item": "mat2"}}}, "combinedTransport": {"type": "composite", "on": 1.0, "cost": 1560.0, "co2": 2160.0, "constraints": true, "internalSupplySatisfiesDemand": true, "subServiceConstraints": true, "activeServiceConstraint": true, "inFlow": {"mat1_sup1": {"qty": 0.0, "item": "mat1"}, "mat2_sup1": {"qty": 1800.0, "item": "mat2"}, "mat1_sup2": {"qty": 600.0, "item": "mat1"}, "mat2_sup2": {"qty": 0.0, "item": "mat2"}}, "outFlow": {"mat1_manuf1": {"qty": 600.0, "item": "mat1"}, "mat2_manuf1": {"qty": 1800.0, "item": "mat2"}}, "subServices": ["transp1", "transp2"]}, "tier1manuf": {"type": "manufacturer", "on": 1.0, "cost": 1300.0, "co2": 290.0, "constraints": true, "boundConstraints": true, "activeServiceConstraint": true, "inFlow": {"mat1_manuf1": {"qty": 600.0, "item": "mat1"}, "mat2_manuf1": {"qty": 1800.0, "item": "mat2"}}, "outFlow": {"part1_manuf12": {"qty": 300.0, "item": "part1"}, "part2_manuf12": {"qty": 500.0, "item": "part2"}}}, "tier2manuf": {"type": "manufacturer", "on": 1.0, "cost": 1700.0, "co2": 240.0, "constraints": true, "boundConstraints": true, "activeServiceConstraint": true, "inFlow": {"part1_manuf12": {"qty": 300.0, "item": "part1"}, "part2_manuf12": {"qty": 500.0, "item": "part2"}}, "outFlow": {"prod1_manuf2": {"qty": 100.0, "item": "prod1"}, "prod2_manuf2": {"qty": 200.0, "item": "prod2"}}}, "combinedManuf": {"type": "composite", "on": 1.0, "cost": 3000.0, "co2": 530.0, "constraints": true, "internalSupplySatisfiesDemand": true, "subServiceConstraints": true, "activeServiceConstraint": true, "inFlow": {"mat1_manuf1": {"qty": 600.0, "item": "mat1"}, "mat2_manuf1": {"qty": 1800.0, "item": "mat2"}}, "outFlow": {"prod1_manuf2": {"qty": 100.0, "item": "prod1"}, "prod2_manuf2": {"qty": 200.0, "item": "prod2"}}, "subServices": ["tier1manuf", "tier2manuf"]}, "mySupplyChain": {"type": "composite", "on": 1.0, "cost": 12960.0, "co2": 3290.0, "constraints": true, "internalSupplySatisfiesDemand": true, "subServiceConstraints": true, "activeServiceConstraint": true, "inFlow": {}, "outFlow": {"prod1_manuf2": {"qty": 100.0, "item": "prod1"}, "prod2_manuf2": {"qty": 200.0, "item": "prod2"}}, "subServices": ["combinedSupply", "combinedTransport", "combinedManuf"]}}}}